,nomeParlamentar,siglaPartido,siglaUF,valorLiquido
0,LID.GOV-CD,,NA,16194.099999999999
1,LID.GOV-CN,,NA,4410.23
2,LIDERANÇA DO PSDB,,NA,129002.50999999995
3,LIDERANÇA DO PT,,NA,294217.2300000001
4,PDT,,NA,94198.59
5,PHS,,NA,12118.81
6,PODE,,NA,40351.130000000005
7,PROS,,NA,40729.6
8,PSOL,,NA,29296.0
9,PTN,,NA,11078.11
10,SDD,,NA,74806.91
11,SILVIO COSTA,AVANTE,PE,503544.6600000002
12,IZALCI LUCAS,PSDB,DF,370035.51000000007
13,DANILO FORTE,PSDB,CE,514991.4800000002
14,MARIA HELENA,MDB,RR,555898.8300000002
15,NORMA AYUB,DEM,ES,354977.30000000016
16,FAUSTO PINATO,PP,SP,450976.6699999996
17,IRACEMA PORTELLA,PP,PI,490381.7100000009
18,JÚLIA MARINHO,PSC,PA,393678.5199999998
19,BACELAR,PODE,BA,465680.31000000006
20,FELIPE CARRERAS,PSB,PE,5686.33
21,CELSO PANSERA,PT,RJ,434402.57999999874
22,SIMÃO SESSIM,PP,RJ,429250.9000000008
23,ARLINDO CHINAGLIA,PT,SP,432735.56000000006
24,ARNALDO FARIA DE SÁ,PP,SP,159350.11000000002
25,BETO MANSUR,MDB,SP,444358.9999999993
26,CELSO RUSSOMANNO,PRB,SP,275230.6199999991
27,ALEX CANZIANI,PTB,PR,467840.9900000006
28,OSMAR SERRAGLIO,PP,PR,323081.16000000027
29,RUBENS BUENO,CIDADANIA,PR,358247.4399999996
30,HENRIQUE FONTANA,PT,RS,498807.6600000013
31,LUIS CARLOS HEINZE,PP,RS,390871.1699999995
32,POMPEO DE MATTOS,PDT,RS,490778.67000000214
33,IVAN VALENTE,PSOL,SP,321354.5699999995
34,JORGE TADEU MUDALEN,DEM,SP,337319.48000000016
35,NELSON MARQUEZELLI,PTB,SP,460020.3399999999
36,SILVIO TORRES,PSDB,SP,286081.1599999996
37,CELSO JACOB,MDB,RJ,283499.04999999993
38,ALBERTO FRAGA,DEM,DF,385613.2800000003
39,ANTONIO CARLOS MENDES THAME,PV,SP,374052.1099999995
40,JÚLIO DELGADO,PSB,MG,437353.4199999956
41,AUGUSTO CARVALHO,SOLIDARIEDADE,DF,354256.7000000002
42,JOVAIR ARANTES,PTB,GO,416440.3999999998
43,ROBERTO BALESTRA,PP,GO,425702.58999999915
44,OSMAR TERRA,MDB,RS,10.28
45,BENEDITA DA SILVA,PT,RJ,453361.8799999995
46,JOSÉ REINALDO,PSDB,MA,502747.4300000001
47,CESAR SOUZA,PSD,SC,305017.6699999993
48,DILCEU SPERAFICO,PP,PR,342343.96999999974
49,HERMES PARCIANELLO,MDB,PR,442394.6899999995
50,LUIZ CARLOS HAULY,PSDB,PR,326832.9999999998
51,NELSON MEURER,PP,PR,458648.6600000028
52,REINHOLD STEPHANES,PSD,PR,277820.74999999936
53,EDINHO BEZ,MDB,SC,86475.03
54,ROBERTO FREIRE,PPS,SP,171164.73999999967
55,SÉRGIO BRITO,PSD,BA,447876.02000000107
56,DARCÍSIO PERONDI,MDB,RS,496020.8300000003
57,JANETE CAPIBERIBE,PSB,AP,495985.9800000005
58,WLADIMIR COSTA,SOLIDARIEDADE,PA,502531.3200000001
59,ZÉ GERALDO,PT,PA,510645.67999999964
60,CARLOS SOUZA,PSDB,AM,114041.93999999994
61,YEDA CRUSIUS,PSDB,RS,300551.4399999991
62,VALDIR COLATTO,MDB,SC,429294.6600000004
63,PAULO FEIJÓ,PR,RJ,396290.8900000004
64,BENJAMIN MARANHÃO,MDB,PB,503109.52
65,LUIZ COUTO,PT,PB,423973.4699999992
66,WELLINGTON ROBERTO,PL,PB,497726.2599999992
67,RAUL JUNGMANN,PPS,PE,5.37
68,MAURÍCIO QUINTELLA LESSA,PR,AL,3067.95
69,ALICE PORTUGAL,PCdoB,BA,468533.2600000002
70,DANIEL ALMEIDA,PCdoB,BA,478243.0800000007
71,ELCIONE BARBALHO,MDB,PA,507696.93000000087
72,JOSÉ PRIANTE,MDB,PA,343858.06999999937
73,ÁTILA LINS,PP,AM,519138.3199999997
74,PAUDERNEY AVELINO,DEM,AM,409782.02999999956
75,ARIOSTO HOLANDA,PDT,CE,192081.81999999992
76,JOSÉ CARLOS ARAÚJO,PR,BA,450080.4299999999
77,JOSIAS GOMES,PT,BA,2862.9599999999996
78,LEONARDO MONTEIRO,PT,MG,433197.3999999992
79,MÁRIO HERINGER,PDT,MG,279475.5599999994
80,PATRUS ANANIAS,PT,MG,432643.50999999983
81,REGINALDO LOPES,PT,MG,425202.8500000002
82,CARLOS MANATO,PSL,ES,479498.19000000006
83,CHICO ALENCAR,PSOL,RJ,307167.5699999997
84,DELEY,PTB,RJ,423659.83999999973
85,MARINHA RAUPP,MDB,RO,503274.6500000008
86,SARNEY FILHO,PV,MA,31.75
87,ANÍBAL GOMES,DEM,CE,348608.82999999955
88,RAIMUNDO GOMES DE MATOS,PSDB,CE,506136.7700000006
89,MARCUS VICENTE,PP,ES,345440.46000000014
90,JULIO LOPES,PP,RJ,433893.59
91,LEONARDO PICCIANI,MDB,RJ,4627.33
92,CARLOS SAMPAIO,PSDB,SP,434383.43999999994
93,GILBERTO NASCIMENTO,PSC,SP,455423.9399999996
94,JEFFERSON CAMPOS,PSB,SP,458574.54000000015
95,JOSÉ MENTOR,PT,SP,434608.87000000046
96,LOBBE NETO,PSDB,SP,372126.5699999994
97,VICENTINHO,PT,SP,379075.07999999943
98,LEÔNIDAS CRISTINO,PDT,CE,499799.00999999983
99,VICENTE ARRUDA,PR,CE,160805.9499999996
100,JÚLIO CESAR,PSD,PI,506255.0700000006
101,PAES LANDIM,PTB,PI,489100.27000000037
102,JOSUÉ BENGTSON,PTB,PA,514825.1599999996
103,NILSON PINTO,PSDB,PA,501633.7099999997
104,SILAS CÂMARA,PRB,AM,530329.3700000002
105,NILTON CAPIXABA,PTB,RO,525112.3700000001
106,JOÃO CAMPOS,PRB,GO,435737.82999999967
107,RUBENS OTONI,PT,GO,426084.7200000007
108,SANDES JÚNIOR,PP,GO,46529.14000000001
109,GERALDO RESENDE,PSDB,MS,480431.26000000106
110,VANDER LOUBET,PT,MS,485658.87999999983
111,ASSIS DO COUTO,PDT,PR,462293.37000000034
112,GIACOBO,PL,PR,457558.58999999956
113,TAKAYAMA,PSC,PR,435397.1400000012
114,JORGE BOEIRA,PP,SC,118486.7900000002
115,JOSÉ OTÁVIO GERMANO,PP,RS,480504.9699999996
116,MARIA DO ROSÁRIO,PT,RS,483835.1100000013
117,ONYX LORENZONI,DEM,RS,484964.2099999986
118,PAULO PIMENTA,PT,RS,477646.94999999995
119,GONZAGA PATRIOTA,PSB,PE,480452.1600000003
120,MENDONÇA FILHO,DEM,PE,2567.14
121,WOLNEY QUEIROZ,PDT,PE,489954.5800000012
122,PEDRO FERNANDES,PTB,MA,514959.0399999997
123,ÁTILA LIRA,PSB,PI,437088.3300000003
124,MARCELO CASTRO,MDB,PI,445271.14000000065
125,DAMIÃO FELICIANO,PDT,PB,420524.7000000005
126,ANDRÉ DE PAULA,PSD,PE,418415.5399999997
127,CARLOS EDUARDO CADOCA,PDT,PE,427430.39999999985
128,LUCIANO BIVAR,PSL,PE,128362.35999999999
129,BENITO GAMA,PTB,BA,482751.5000000004
130,CLAUDIO CAJADO,PP,BA,375470.3399999998
131,JOSÉ CARLOS ALELUIA,DEM,BA,472889.90000000055
132,JOSÉ ROCHA,PL,BA,318255.17999999935
133,GIVALDO CARIMBÃO,AVANTE,AL,484481.4400000004
134,JUTAHY JUNIOR,PSDB,BA,334019.89999999985
135,NELSON PELLEGRINO,PT,BA,449873.81000000314
136,PAULO MAGALHÃES,PSD,BA,426139.0699999997
137,LINCOLN PORTELA,PL,MG,429794.6400000004
138,MARCOS MEDRADO,PODE,BA,80779.23999999992
139,BONIFÁCIO DE ANDRADA,DEM,MG,398761.98
140,CARLOS MELLES,DEM,MG,453626.1799999986
141,EDUARDO BARBOSA,PSDB,MG,440497.5399999996
142,JAIME MARTINS,PROS,MG,442661.08000000025
143,LUIZ SÉRGIO,PT,RJ,369594.3600000004
144,RODRIGO MAIA,DEM,RJ,332326.1900000005
145,MAURO LOPES,MDB,MG,413046.36
146,SARAIVA FELIPE,MDB,MG,428970.19999999984
147,LUIZA ERUNDINA,PSOL,SP,369974.4699999995
148,MILTON MONTI,PR,SP,439883.60999999946
149,PEDRO CHAVES,MDB,GO,297819.5099999999
150,AROLDE DE OLIVEIRA,PSD,RJ,405409.28999999934
151,JAIR BOLSONARO,PSL,RJ,222949.18999999968
152,JANDIRA FEGHALI,PCdoB,RJ,430267.06999999966
153,LAURA CARNEIRO,DEM,RJ,441348.2599999998
154,MIRO TEIXEIRA,REDE,RJ,239996.37999999942
155,MARCELO MATOS,PSD,RJ,389477.32999999885
156,IRAJÁ ABREU,PSD,TO,468420.97000000003
157,LUANA COSTA,PSC,MA,505790.8700000004
158,RODRIGO GARCIA,DEM,SP,2532.0400000000004
159,ROBINSON ALMEIDA,PT,BA,266141.4999999999
160,EDUARDO BOLSONARO,PSL,SP,303143.40999999974
161,FERNANDO MONTEIRO,PP,PE,468748.93999999965
162,STEFANO AGUIAR,PSD,MG,431919.83000000025
163,CACÁ LEÃO,PP,BA,468463.20999999985
164,CRISTIANE BRASIL,PTB,RJ,456837.6799999996
165,LUCIO VIEIRA LIMA,MDB,BA,342801.6499999996
166,HERÁCLITO FORTES,DEM,PI,464395.19
167,ERIVELTON SANTANA,PATRI,BA,454512.0599999997
168,DAVIDSON MAGALHÃES,PCdoB,BA,439967.7800000003
169,CABUÇU BORGES,MDB,AP,514977.49000000017
170,JOÃO MARCELO SOUZA,MDB,MA,509523.4499999998
171,VALMIR PRASCIDELLI,PT,SP,443140.22000000026
172,JOSI NUNES,PROS,TO,476590.36000000016
173,MARCELO SQUASSONI,PRB,SP,449952.52999999997
174,PEDRO PAULO,DEM,RJ,438141.7799999997
175,RONALDO MARTINS,PRB,CE,505929.00999999995
176,MAURO PEREIRA,MDB,RS,385458.0199999993
177,GABRIEL GUIMARÃES,PT,MG,422602.73000000004
178,GORETE PEREIRA,PR,CE,518955.2399999995
179,JARBAS VASCONCELOS,MDB,PE,490498.3099999997
180,JOSÉ FOGAÇA,MDB,RS,227994.31999999977
181,PAULO MALUF,PP,SP,440419.3099999996
182,ENIO VERRI,PT,PR,472311.18000000034
183,MARCO MAIA,PT,RS,487440.06000000203
184,ADEMIR CAMILO,MDB,MG,435004.069999999
185,ANDRÉ FIGUEIREDO,PDT,CE,505678.3999999997
186,EDMILSON RODRIGUES,PSOL,PA,498535.6399999994
187,AFONSO HAMM,PP,RS,401013.70000000036
188,VICENTINHO JÚNIOR,PL,TO,480623.22999999986
189,BETO FARO,PT,PA,504417.81999999925
190,AELTON FREITAS,PR,MG,426956.23999999923
191,ANTONIO BULHÕES,PRB,SP,431329.7900000001
192,VALADARES FILHO,PSB,SE,492994.2599999995
193,INDIO DA COSTA,PSD,RJ,-904.5500000000001
194,ARNALDO JARDIM,CIDADANIA,SP,5.95
195,BRUNO ARAÚJO,PSDB,PE,64913.94000000001
196,CARLOS ZARATTINI,PT,SP,454970.5400000001
197,CARLOS BEZERRA,MDB,MT,470985.5900000002
198,CELSO MALDANER,MDB,SC,472066.8000000008
199,CLEBER VERDE,PRB,MA,520695.7399999998
200,DAGOBERTO NOGUEIRA,PDT,MS,515457.2999999998
201,DÉCIO LIMA,PT,SC,476627.36000000034
202,EDIO LOPES,PL,RR,556688.399999998
203,EDUARDO DA FONTE,PP,PE,286575.19999999896
204,EFRAIM FILHO,DEM,PB,506542.49
205,FÁBIO RAMALHO,MDB,MG,400365.2199999999
206,FÁBIO FARIA,PSD,RN,511718.68999999994
207,FELIPE MAIA,DEM,RN,323957.2600000001
208,FELIPE BORNIER,PROS,RJ,395986.93000000017
209,FERNANDO COELHO FILHO,DEM,PE,5735.5599999999995
210,FLAVIANO MELO,MDB,AC,521905.7800000012
211,CHICO D'ANGELO,PDT,RJ,416581.66000000044
212,CHICO LOPES,PCdoB,CE,508457.93000000046
213,GEORGE HILTON,PSC,MG,420719.88
214,PEPE VARGAS,PT,RS,489295.6699999989
215,HUGO LEAL,PSD,RJ,447366.73999999906
216,ALFREDO KAEFER,PP,PR,478813.2699999995
217,JOÃO CARLOS BACELAR,PL,BA,453311.3899999996
218,JOSÉ AIRTON FÉLIX CIRILO,PT,CE,500431.87
219,JOSÉ GUIMARÃES,PT,CE,521460.0999999997
220,RICARDO TRIPOLI,PSDB,SP,369873.0099999994
221,JULIÃO AMIN,PDT,MA,164747.29999999978
222,LAERTE BESSA,PR,DF,386329.23
223,LÁZARO BOTELHO,PP,TO,489312.20000000054
224,LEONARDO QUINTÃO,MDB,MG,419898.4700000005
225,LINDOMAR GARÇON,PRB,RO,530912.7000000001
226,LÚCIO VALE,PR,PA,414498.1099999993
227,LUIZ CARLOS BUSATO,PTB,RS,-1494.69
228,LUIZ FERNANDO FARIA,PP,MG,427848.05999999953
229,PAULO TEIXEIRA,PT,SP,454412.7599999995
230,MANOEL JUNIOR,MDB,PB,3.51
231,MARCOS MONTES,PSD,MG,440665.13000000094
232,JÔ MORAES,PCdoB,MG,436067.7899999993
233,MAURO MARIANI,MDB,SC,368900.8800000001
234,BILAC PINTO,DEM,MG,443573.39000000025
235,OTAVIO LEITE,PSDB,RJ,429277.5000000002
236,PAULO ABI-ACKEL,PSDB,MG,432960.2899999996
237,PAULO HENRIQUE LUSTOSA,PP,CE,256508.73999999982
238,PAULO PEREIRA DA SILVA,SOLIDARIEDADE,SP,315214.63999999885
239,SABINO CASTELO BRANCO,PTB,AM,127279.77000000009
240,RENATO MOLLING,PP,RS,469858.3300000005
241,ROBERTO BRITTO,PP,BA,469401.1800000001
242,RODRIGO DE CASTRO,PSDB,MG,397779.8300000005
243,ROCHA LOURES,MDB,PR,12192.0
244,ROGÉRIO MARINHO,PSDB,RN,507281.1399999999
245,RÔMULO GOUVEIA,PSD,PB,541454.140000001
246,SÉRGIO MORAES,PTB,RS,421263.4999999996
247,VALTENIR PEREIRA,MDB,MT,322035.6299999987
248,VANDERLEI MACRIS,PSDB,SP,442066.4299999998
249,VINICIUS CARVALHO,PRB,SP,436373.4000000004
250,WALDIR MARANHÃO,PSDB,MA,270460.52999999933
251,WALTER IHOSHI,PSD,SP,436918.8800000004
252,LELO COIMBRA,MDB,ES,451676.0100000003
253,DOMINGOS NETO,PSD,CE,521557.8399999999
254,DANIEL VILELA,MDB,GO,441647.3499999998
255,MARCELO ARO,PP,MG,372392.54
256,ROSINHA DA ADEFAL,AVANTE,AL,465651.62
257,PROFESSOR VICTÓRIO GALLI,PSL,MT,491617.7799999998
258,MÁRCIO MARINHO,PRB,BA,464059.9000000012
259,LAERCIO OLIVEIRA,PP,SE,395971.24999999907
260,MAIA FILHO,PP,PI,480000.81000000023
261,GLAUBER BRAGA,PSOL,RJ,413904.1199999996
262,ROBERTO ALVES,PRB,SP,460188.7000000005
263,ASSIS CARVALHO,PT,PI,429800.0800000002
264,MARCUS PESTANA,PSDB,MG,412954.29999999906
265,ROGÉRIO ROSSO,PSD,DF,295699.80999999994
266,AFONSO FLORENCE,PT,BA,470806.150000001
267,JORGINHO MELLO,PR,SC,471470.06999999995
268,LUIS TIBÉ,AVANTE,MG,444158.8299999997
269,ALESSANDRO MOLON,PSB,RJ,405951.46999999904
270,AUREO RIBEIRO,SOLIDARIEDADE,RJ,467428.129999999
271,RONALDO BENEDET,MDB,SC,484639.10999999935
272,PAULO FOLETTO,PSB,ES,449314.9700000005
273,WELITON PRADO,PROS,MG,442892.2200000004
274,AGUINALDO RIBEIRO,PP,PB,450400.39999999944
275,DANILO CABRAL,PSB,PE,461794.00999999954
276,ANTONIO IMBASSAHY,PSDB,BA,22925.95
277,JHONATAN DE JESUS,PRB,RR,554722.6200000003
278,ELI CORRÊA FILHO,DEM,SP,430698.73999999993
279,MARCON,PT,RS,468023.98999999976
280,MARCO TEBALDI,PSDB,SC,481177.4200000001
281,BOHN GASS,PT,RS,486414.70999999973
282,ARTHUR LIRA,PP,AL,438717.4999999997
283,ANDRE MOURA,PSC,SE,466188.74999999866
284,ALEXANDRE LEITE,DEM,SP,210126.96999999986
285,DANRLEI DE DEUS HINTERHOLZ,PSD,RS,437941.0499999989
286,ANTONIO BRITO,PSD,BA,395096.63999999996
287,PADRE JOÃO,PT,MG,436363.6499999992
288,PAULO FREIRE COSTA,PL,SP,444522.3200000004
289,ALCEU MOREIRA,MDB,RS,499505.49000000034
290,MISSIONÁRIO JOSÉ OLIMPIO,DEM,SP,400602.22000000067
291,MARA GABRILLI,PSDB,SP,401014.1200000003
292,NELSON PADOVANI,PSDB,PR,460915.0799999998
293,NELSON MARCHEZAN JUNIOR,PSDB,RS,109.89
294,WALDENOR PEREIRA,PT,BA,461324.48000000115
295,JERÔNIMO GOERGEN,PP,RS,475661.7499999999
296,JOÃO RODRIGUES,PSD,SC,493298.5699999999
297,JORGE CÔRTE REAL,PTB,PE,396551.9800000004
298,JOÃO ARRUDA,MDB,PR,453834.7499999997
299,ERIKA KOKAY,PT,DF,206442.01999999976
300,CÉSAR HALUM,PRB,TO,508556.15999999933
301,EDMAR ARRUDA,PSD,PR,474594.98000000126
302,ASSIS MELO,PCdoB,RS,461116.06
303,ALBERTO FILHO,PP,MA,487017.6300000002
304,DIEGO ANDRADE,PSD,MG,437047.0900000005
305,BRUNA FURLAN,PSDB,SP,455884.5800000007
306,VINICIUS GURGEL,PL,AP,531164.7800000005
307,ZECA DIRCEU,PT,PR,461587.12999999896
308,HEULER CRUVINEL,PP,GO,429178.8100000002
309,FLÁVIA MORAIS,PDT,GO,438590.9799999997
310,DIMAS FABIANO,PP,MG,382119.99999999115
311,ARTHUR OLIVEIRA MAIA,DEM,BA,456980.79000000044
312,PR. MARCO FELICIANO,PODE,SP,441457.6099999993
313,ARNALDO JORDY,PPS,PA,518791.3299999997
314,PEDRO UCZAI,PT,SC,508585.59000000067
315,JOSE STÉDILE,PSB,RS,488942.8900000022
316,VALMIR ASSUNÇÃO,PT,BA,466188.5100000003
317,TONINHO PINHEIRO,PP,MG,415306.6100000003
318,SERGIO ZVEITER,DEM,RJ,424845.72000000044
319,THIAGO PEIXOTO,PSD,GO,403689.01
320,JOSÉ NUNES,PSD,BA,458466.22000000096
321,SANDRO ALEX,PSD,PR,450715.7300000002
322,VICENTE CANDIDO,PT,SP,440092.28000000125
323,LUCIANA SANTOS,PCdoB,PE,474116.2799999996
324,SÁGUAS MORAES,PT,MT,514125.4999999992
325,WALNEY ROCHA,PATRI,RJ,427929.0499999991
326,ZÉ SILVA,SOLIDARIEDADE,MG,433538.06999999896
327,MANDETTA,DEM,MS,485964.70000000164
328,WILSON FILHO,PTB,PB,517577.7499999994
329,RONALDO FONSECA,PODE,DF,279519.20000000007
330,PROFESSORA DORINHA SEABRA REZENDE,DEM,TO,451591.56000000046
331,EROS BIONDINI,PROS,MG,435818.59999999765
332,PROFESSORA MARCIVANIA,PCdoB,AP,508242.33000000025
333,PASTOR EURICO,PATRIOTA,PE,402546.2099999995
334,DR. JORGE SILVA,SOLIDARIEDADE,ES,456733.0600000001
335,DELEGADO FRANCISCHINI,PSL,PR,470435.9100000001
336,ESPERIDIÃO AMIN,PP,SC,371431.10000000073
337,ROGÉRIO PENINHA MENDONÇA,MDB,SC,343960.52999999846
338,ROBERTO DE LUCENA,PODE,SP,446648.4200000002
339,RENZO BRAZ,PP,MG,433112.5199999976
340,RICARDO IZAR,PP,SP,452908.5799999998
341,KEIKO OTA,PSB,SP,422775.58000000124
342,MARCELO AGUIAR,DEM,SP,450665.78000000044
343,LEOPOLDO MEYER,PSB,PR,220970.21999999898
344,AUGUSTO COUTINHO,SOLIDARIEDADE,PE,497476.1699999996
345,FÉLIX MENDONÇA JÚNIOR,PDT,BA,379544.3299999994
346,GUILHERME MUSSI,PP,SP,434964.8099999992
347,GENECIAS NORONHA,SOLIDARIEDADE,CE,483776.93000000005
348,JEAN WYLLYS,PSOL,RJ,254248.0699999997
349,GIOVANI CHERINI,PL,RS,490883.31999999995
350,HUGO MOTTA,PRB,PB,493765.08000000054
351,FERNANDO TORRES,PSD,BA,173587.8599999999
352,FRANCISCO FLORIANO,DEM,RJ,426646.0100000004
353,DOMINGOS SÁVIO,PSDB,MG,442470.1899999994
354,TIRIRICA,PL,SP,87728.96000000002
355,LUIZ NISHIMORI,PL,PR,476133.75000000023
356,RONALDO NOGUEIRA,PTB,RS,2959.83
357,FERNANDO JORDÃO,MDB,RJ,-1412.69
358,DELEGADO WALDIR,PSL,GO,38031.84000000003
359,CARMEN ZANOTTO,CIDADANIA,SC,349937.08999999973
360,NILSON LEITÃO,PSDB,MT,427665.47999999905
361,MAGDA MOFATTO,PL,GO,438081.3899999999
362,WEVERTON ROCHA,PDT,MA,500515.36999999994
363,SEVERINO NINHO,PSB,PE,472298.6300000002
364,MARCOS ROGÉRIO,DEM,RO,535592.9000000006
365,PAULÃO,PT,AL,502706.5500000002
366,MARGARIDA SALOMÃO,PT,MG,434180.8499999989
367,RENATO ANDRADE,PP,MG,437615.03999999684
368,FABIO REIS,MDB,SE,443277.21999999916
369,SUBTENENTE GONZAGA,PDT,MG,423566.16999999725
370,LUIZ CARLOS RAMOS,PR,RJ,350991.7799999997
371,LEO DE BRITO,PT,AC,537859.2500000003
372,MAJOR OLIMPIO,PSL,SP,436621.7100000012
373,MAX FILHO,PSDB,ES,51.52
374,EVANDRO GUSSI,PV,SP,434818.24999999924
375,CAPITÃO AUGUSTO,PL,SP,470508.5399999988
376,DR. SINVAL MALHEIROS,PODE,SP,443109.66999999864
377,ANDRÉ ABDON,PP,AP,527160.3800000005
378,LEANDRE,PV,PR,424975.67000000033
379,ALEXANDRE SERFIOTIS,PSD,RJ,428679.7199999993
380,BEBETO,PSB,BA,474382.2100000011
381,AFONSO MOTTA,PDT,RS,477756.2100000011
382,ALAN RICK,DEM,AC,537890.730000001
383,ANGELIM,PT,AC,534501.7200000006
384,CÉSAR MESSIAS,PSB,AC,488883.2600000005
385,JÉSSICA SALES,MDB,AC,535611.0500000006
386,ROCHA,PSDB,AC,590760.2300000006
387,CÍCERO ALMEIDA,PHS,AL,486196.90000000043
388,JHC,PSB,AL,488877.9200000003
389,MARX BELTRÃO,PSD,AL,90.06
390,PEDRO VILELA,PSDB,AL,380347.4100000002
391,RONALDO LESSA,PDT,AL,492081.9399999999
392,ALFREDO NASCIMENTO,PR,AM,499897.17999999976
393,ARTHUR VIRGÍLIO BISNETO,PSDB,AM,331604.9199999995
394,CONCEIÇÃO SAMPAIO,PSDB,AM,435587.80999999936
395,HISSA ABRAHÃO,PDT,AM,473860.8799999995
396,JOZI ARAÚJO,PODE,AP,516012.77000000095
397,MARCOS REATEGUI,PSD,AP,516512.29000000015
398,CAETANO,PT,BA,462677.10000000056
399,ELMAR NASCIMENTO,DEM,BA,470882.8100000001
400,IRMÃO LAZARO,PSC,BA,460215.6600000015
401,JOÃO GUALBERTO,PSDB,BA,328959.73000000033
402,JORGE SOLLA,PT,BA,462686.9200000011
403,MÁRIO NEGROMONTE JR.,PP,BA,471707.3600000002
404,MOEMA GRAMACHO,PT,BA,-711.69
405,PAULO AZI,DEM,BA,479338.8900000004
406,RONALDO CARLETTO,PP,BA,466787.35000000114
407,TIA ERON,PRB,BA,125112.22999999995
408,ULDURICO JUNIOR,PROS,BA,469560.21000000014
409,ADAIL CARNEIRO,PODE,CE,516848.7300000001
410,CABO SABINO,AVANTE,CE,521545.6400000006
411,LUIZIANNE LINS,PT,CE,508939.33999999997
412,MACEDO,PP,CE,489773.8100000008
413,ODORICO MONTEIRO,PSB,CE,509559.6799999999
414,VITOR VALIM,PROS,CE,360581.0299999998
415,RÔNEY NEMER,PP,DF,365110.51999999984
416,EVAIR VIEIRA DE MELO,PP,ES,347187.8400000003
417,GIVALDO VIEIRA,PCdoB,ES,445097.0799999973
418,HELDER SALOMÃO,PT,ES,449086.92000000004
419,SERGIO VIDIGAL,PDT,ES,447295.40000000055
420,ALEXANDRE BALDY,PP,GO,412942.8299999998
421,CÉLIO SILVEIRA,PSDB,GO,425508.5900000001
422,FÁBIO SOUSA,PSDB,GO,156753.94999999995
423,GIUSEPPE VECCI,PSDB,GO,426084.72000000026
424,LUCAS VERGILIO,SOLIDARIEDADE,GO,441259.85999999975
425,MARCOS ABRÃO,PPS,GO,422730.1900000002
426,ALUISIO MENDES,PODE,MA,506011.66999999987
427,ANDRÉ FUFUCA,PP,MA,490504.80999999994
428,ELIZIANE GAMA,PPS,MA,505074.5899999998
429,HILDO ROCHA,MDB,MA,518976.1999999998
430,JUNIOR MARRECA,PATRI,MA,512134.9599999998
431,JUSCELINO FILHO,DEM,MA,508900.34000000014
432,RUBENS PEREIRA JÚNIOR,PCdoB,MA,521739.6000000007
433,VICTOR MENDES,MDB,MA,502308.54
434,ZÉ CARLOS,PT,MA,488356.6299999998
435,ADELMO CARNEIRO LEÃO,PT,MG,432739.65999999904
436,CAIO NARCIO,PSDB,MG,434738.19
437,DÂMINA PEREIRA,PODE,MG,441891.4699999997
438,DELEGADO EDSON MOREIRA,PR,MG,448277.1699999909
439,LAUDIVIO CARVALHO,PODE,MG,428416.9399999978
440,MISAEL VARELLA,PSD,MG,431393.0899999997
441,NEWTON CARDOSO JR,MDB,MG,434057.1499999997
442,RODRIGO PACHECO,DEM,MG,422233.12999999995
443,TENENTE LÚCIO,PR,MG,411664.4800000003
444,CARLOS MARUN,MDB,MS,494490.0799999997
445,TEREZA CRISTINA,DEM,MS,464642.79000000027
446,ZECA DO PT,PT,MS,484910.41999999894
447,ADILTON SACHETTI,PRB,MT,231863.74999999974
448,EZEQUIEL FONSECA,PP,MT,467231.3000000003
449,FABIO GARCIA,DEM,MT,387875.36999999936
450,BETO SALAME,PP,PA,353299.15000000014
451,FRANCISCO CHAPADINHA,PODE,PA,503783.6500000005
452,DELEGADO ÉDER MAURO,PSD,PA,506729.39999999956
453,HÉLIO LEITE,DEM,PA,502934.5899999996
454,JOAQUIM PASSARINHO,PSD,PA,516729.3599999999
455,SIMONE MORGADO,MDB,PA,509234.2199999992
456,PEDRO CUNHA LIMA,PSDB,PB,297550.47000000026
457,VENEZIANO VITAL DO RÊGO,PSB,PB,513755.50999999995
458,ADALBERTO CAVALCANTI,AVANTE,PE,499860.2399999999
459,BETINHO GOMES,PSDB,PE,498740.20999999944
460,DANIEL COELHO,CIDADANIA,PE,458740.88999999955
461,JOÃO FERNANDO COUTINHO,PROS,PE,495903.09999999986
462,KAIO MANIÇOBA,SOLIDARIEDADE,PE,246091.04000000007
463,MARINALDO ROSENDO,PP,PE,421730.06999999913
464,RICARDO TEOBALDO,PODE,PE,496492.85
465,SEBASTIÃO OLIVEIRA,PL,PE,44.47
466,TADEU ALENCAR,PSB,PE,504117.8100000001
467,ZECA CAVALCANTI,PTB,PE,510544.580000001
468,CAPITÃO FÁBIO ABREU,PL,PI,3817.41
469,REJANE DIAS,PT,PI,29.68
470,RODRIGO MARTINS,PSB,PI,516395.210000001
471,ALIEL MACHADO,PSB,PR,464615.3299999998
472,CHRISTIANE DE SOUZA YARED,PL,PR,463849.1600000014
473,DIEGO GARCIA,PODE,PR,458414.7600000013
474,EVANDRO ROMAN,PSD,PR,455164.9299999999
475,LUCIANO DUCCI,PSB,PR,396974.4299999996
476,SERGIO SOUZA,MDB,PR,457794.4700000009
477,TONINHO WANDSCHEER,PROS,PR,470053.12000000145
478,ALEXANDRE VALLE,PR,RJ,407636.88999999914
479,ALTINEU CÔRTES,PL,RJ,310717.43000000017
480,CABO DACIOLO,PATRI,RJ,226111.85999999987
481,DR. JOÃO,PR,RJ,23.26
482,EZEQUIEL TEIXEIRA,PODE,RJ,410313.169999999
483,MARCO ANTÔNIO CABRAL,MDB,RJ,389770.96999999986
484,MARCOS SOARES,DEM,RJ,413194.63999999914
485,ROBERTO SALES,DEM,RJ,427872.53999999963
486,ROSANGELA GOMES,PRB,RJ,446837.13999999943
487,SORAYA SANTOS,PL,RJ,405302.1999999999
488,SÓSTENES CAVALCANTE,DEM,RJ,416500.38999999955
489,BETO ROSADO,PP,RN,511564.31000000035
490,ZENAIDE MAIA,PHS,RN,524129.0999999994
491,ANTÔNIO JÁCOME,PODE,RN,512808.2900000001
492,RAFAEL MOTTA,PSB,RN,486267.5399999995
493,WALTER ALVES,MDB,RN,513815.2399999995
494,EXPEDITO NETTO,PSD,RO,522474.01000000024
495,LUCIO MOSQUINI,MDB,RO,524071.8699999999
496,LUIZ CLÁUDIO,PR,RO,510679.50000000006
497,MARIANA CARVALHO,PSDB,RO,514020.8800000005
498,ABEL MESQUITA JR.,DEM,RR,533890.1
499,CARLOS ANDRADE,PHS,RR,545474.5700000001
500,HIRAN GONÇALVES,PP,RR,546148.11
501,REMÍDIO MONAI,PR,RR,577421.8700000002
502,SHÉRIDAN,PSDB,RR,486636.1800000003
503,CARLOS GOMES,PRB,RS,372024.7599999996
504,COVATTI FILHO,PP,RS,506658.0699999997
505,HEITOR SCHUCH,PSB,RS,487057.97000000003
506,JOÃO DERLY,REDE,RS,473769.8499999994
507,GEOVANIA DE SÁ,PSDB,SC,455741.5700000009
508,JOÃO PAULO KLEINÜBING,DEM,SC,461076.65000000055
509,ADELSON BARRETO,PR,SE,346034.32999999856
510,FÁBIO MITIDIERI,PSD,SE,494274.70999999903
511,JOÃO DANIEL,PT,SE,480913.629999999
512,JONY MARCOS,PRB,SE,471704.5499999993
513,ALEX MANENTE,CIDADANIA,SP,456180.79000000004
514,ANA PERUGINI,PT,SP,446461.69999999995
515,ANDRES SANCHEZ,PT,SP,382228.6100000007
516,BALEIA ROSSI,MDB,SP,316085.92999999976
517,BRUNO COVAS,PSDB,SP,3.28
518,EDUARDO CURY,PSDB,SP,421779.8600000007
519,FLAVINHO,PSC,SP,285607.73999999877
520,FLORIANO PESARO,PSDB,SP,3055.9
521,GOULART,PSD,SP,436621.70999999956
522,HERCULANO PASSOS,MDB,SP,453687.0399999999
523,LUIZ LAURO FILHO,PSB,SP,459072.1300000006
524,MARCIO ALVINO,PL,SP,219457.0500000004
525,MIGUEL HADDAD,PSDB,SP,377513.0200000004
526,MIGUEL LOMBARDI,PL,SP,441409.0700000006
527,NILTO TATTO,PT,SP,425227.58999999973
528,ORLANDO SILVA,PCdoB,SP,450273.0800000005
529,JOÃO PAULO PAPA,PSDB,SP,348295.5199999997
530,RENATA ABREU,PODE,SP,442419.6299999997
531,SAMUEL MOREIRA,PSDB,SP,0.54
532,SÉRGIO REIS,PRB,SP,402491.3600000006
533,VITOR LIPPI,PSDB,SP,439787.7300000006
534,CARLOS HENRIQUE GAGUIM,DEM,TO,474856.5200000004
535,DULCE MIRANDA,MDB,TO,484274.8599999995
536,ROBERTO GÓES,PDT,AP,517658.13000000047
537,MOSES RODRIGUES,MDB,CE,513974.94000000006
538,RAQUEL MUNIZ,PSD,MG,440048.93000000005
539,BRUNNY,PR,MG,430972.7699999995
540,MARCELO ÁLVARO ANTÔNIO,PSL,MG,433112.51999999984
541,MÁRCIO BIOLCHI,MDB,RS,4714.0
542,OSMAR BERTOLDI,DEM,PR,445857.43000000116
543,MARQUINHO MENDES,MDB,RJ,7.06
544,ELIZEU DIONIZIO,PSB,MS,485014.3600000003
545,DEOCLIDES MACEDO,PDT,MA,328133.1100000002
546,FRANKLIN,PP,MG,433112.5199999982
547,SILAS FREIRE,PODE,PI,470192.54000000044
548,MERLONG SOLANO,PT,PI,2.06
549,WADIH DAMOUS,PT,RJ,430305.2200000004
550,ZÉ AUGUSTO NALIN,DEM,RJ,247292.54000000004
551,ANGELA ALBINO,PCdoB,SC,3455.78
552,WILSON BESERRA,MDB,RJ,403688.1800000001
553,NELSON NAHIM,PSD,RJ,5134.61
554,PAULO EDUARDO MARTINS,PSC,PR,-1548.38
555,PASTOR LUCIANO BRAGA,PRB,BA,428304.0700000002
556,CREUZA PEREIRA,PSB,PE,211505.77999999982
557,GUILHERME COELHO,PSDB,PE,398843.0299999997
558,NIVALDO ALBUQUERQUE,PTB,AL,494285.5700000016
559,CAJAR NARDES,PODE,RS,486925.6699999995
560,JONES MARTINS,MDB,RS,449765.9499999995
561,ANDRÉ AMARAL,PROS,PB,501286.5900000005
562,MOISÉS DINIZ,PCdoB,AC,534204.8100000002
563,RICARDO BENTINHO,PRB,SP,31581.090000000004
564,MARCELO DELAROLI,PR,RJ,427449.7000000007
565,VAIDON OLIVEIRA,PROS,CE,503845.0800000002
566,POLLYANA GAMA,PPS,SP,444947.32000000065
567,DEJORGE PATRÍCIO,PRB,RJ,423231.02000000206
568,LOURIVAL GOMES,PSL,RJ,50331.390000000036
569,ADÉRMIS MARINI,PSDB,SP,174463.0799999997
570,IZAQUE SILVA,PSDB,SP,413850.1299999989
571,LUZIA FERREIRA,PPS,MG,117407.63000000008
572,ROGÉRIO SILVA,MDB,MT,142144.58999999982
573,XUXU DAL MOLIN,PSC,MT,77272.48999999998
